GEO_accession,Sample,Sample_name,Disease,Gestation,Trimester,Additional_Info,Additional_Info_2,Fetal_Sex,ArrayType,Study,Array,Slide
GSM1616986,Maternal whole blood,GSM1616986_8795207029_R04C01,Uncomplicated,NA,First,NA,NA,Female,450K,GSE66210,R04C01,8795207029
GSM1616987,Maternal whole blood,GSM1616987_8795207029_R06C01,Uncomplicated,NA,First,NA,NA,Female,450K,GSE66210,R06C01,8795207029
GSM1616988,Maternal whole blood,GSM1616988_8795207029_R01C02,Uncomplicated,NA,First,NA,NA,Female,450K,GSE66210,R01C02,8795207029
GSM1616989,Maternal whole blood,GSM1616989_8795207029_R04C02,Uncomplicated,NA,First,NA,NA,Female,450K,GSE66210,R04C02,8795207029
GSM1616990,Maternal whole blood,GSM1616990_7668610068_R03C02,Uncomplicated,NA,First,NA,NA,Female,450K,GSE66210,R03C02,7668610068
GSM1616991,Maternal whole blood,GSM1616991_7668610068_R04C02,Uncomplicated,NA,First,NA,NA,Female,450K,GSE66210,R04C02,7668610068
GSM1616992,Maternal whole blood,GSM1616992_7668610068_R05C02,Uncomplicated,NA,First,NA,NA,Female,450K,GSE66210,R05C02,7668610068
GSM1616994,Maternal whole blood,GSM1616994_8795194156_R01C01,Uncomplicated,NA,First,NA,NA,Female,450K,GSE66210,R01C01,8795194156
GSM1616995,Maternal whole blood,GSM1616995_8795194156_R01C02,Uncomplicated,NA,First,NA,NA,Female,450K,GSE66210,R01C02,8795194156
GSM1616996,Maternal whole blood,GSM1616996_8795194156_R04C01,Uncomplicated,NA,First,NA,NA,Female,450K,GSE66210,R04C01,8795194156
GSM1616997,Maternal whole blood,GSM1616997_8795194156_R04C02,Uncomplicated,NA,First,NA,NA,Female,450K,GSE66210,R04C02,8795194156
GSM1616998,Placenta,GSM1616998_8795207029_R02C01,Uncomplicated,NA,First,NA,NA,Male,450K,GSE66210,R02C01,8795207029
GSM1616999,Placenta,GSM1616999_8795207029_R05C01,Uncomplicated,NA,First,NA,NA,Male,450K,GSE66210,R05C01,8795207029
GSM1617000,Placenta,GSM1617000_8795207029_R02C02,Uncomplicated,NA,First,NA,NA,Male,450K,GSE66210,R02C02,8795207029
GSM1617001,Placenta,GSM1617001_8795207029_R05C02,Uncomplicated,NA,First,NA,NA,Male,450K,GSE66210,R05C02,8795207029
GSM1617003,Placenta,GSM1617003_7668610068_R03C01,Uncomplicated,NA,First,NA,NA,Male,450K,GSE66210,R03C01,7668610068
GSM1617004,Placenta,GSM1617004_7668610068_R05C01,Uncomplicated,NA,First,NA,NA,Female,450K,GSE66210,R05C01,7668610068
GSM1617005,Placenta,GSM1617005_7668610068_R01C02,Uncomplicated,NA,First,NA,NA,Female,450K,GSE66210,R01C02,7668610068
GSM1617006,Placenta,GSM1617006_8795194156_R02C01,Uncomplicated,NA,First,NA,NA,Female,450K,GSE66210,R02C01,8795194156
GSM1617007,Placenta,GSM1617007_8795194156_R02C02,Uncomplicated,NA,First,NA,NA,Female,450K,GSE66210,R02C02,8795194156
GSM1617008,Placenta,GSM1617008_8795194156_R05C01,Uncomplicated,NA,First,NA,NA,Female,450K,GSE66210,R05C01,8795194156
GSM1617009,Placenta,GSM1617009_8795194156_R05C02,Uncomplicated,NA,First,NA,NA,Female,450K,GSE66210,R05C02,8795194156
GSM1931537,Decidua,GSM1931537_6042308147_R06C01,Uncomplicated,41.7,Term,NA,NA,Female,450K,GSE74738,R06C01,6042308147
GSM1931538,Amnion,GSM1931538_6042324125_R05C02,Uncomplicated,40.6,Term,NA,NA,Male,450K,GSE74738,R05C02,6042324125
GSM1931540,Amnion,GSM1931540_6042324158_R06C02,Uncomplicated,40,Term,NA,NA,Male,450K,GSE74738,R06C02,6042324158
GSM1931542,Chorion,GSM1931542_6042324125_R06C02,Uncomplicated,40.6,Term,NA,NA,Male,450K,GSE74738,R06C02,6042324125
GSM1931544,Chorion,GSM1931544_6042324158_R05C02,Uncomplicated,40,Term,NA,NA,Male,450K,GSE74738,R05C02,6042324158
GSM1931568,Placenta,GSM1931568_9285451059_R06C02,Uncomplicated,40.7,Term,NA,NA,Male,450K,GSE74738,R06C02,9285451059
GSM1931569,Placenta,GSM1931569_9296930098_R01C02,Uncomplicated,38.9,Term,NA,NA,Female,450K,GSE74738,R01C02,9296930098
GSM1931570,Placenta,GSM1931570_9296930123_R06C01,Uncomplicated,39.6,Term,NA,NA,Male,450K,GSE74738,R06C01,9296930123
GSM1931571,Placenta,GSM1931571_9266441156_R05C02,Uncomplicated,38,Term,NA,NA,Female,450K,GSE74738,R05C02,9266441156
GSM1931573,Placenta,GSM1931573_9296930098_R01C01,Uncomplicated,40,Term,NA,NA,Male,450K,GSE74738,R01C01,9296930098
GSM1931574,Placenta,GSM1931574_7970368100_R02C02,Uncomplicated,39.9,Term,NA,NA,Male,450K,GSE74738,R02C02,7970368100
GSM1931575,Placenta,GSM1931575_9296930103_R06C02,Uncomplicated,38.6,Term,NA,NA,Female,450K,GSE74738,R06C02,9296930103
GSM1931576,Placenta,GSM1931576_9285451020_R05C01,Uncomplicated,37.3,Term,NA,NA,Female,450K,GSE74738,R05C01,9285451020
GSM1931577,Placenta,GSM1931577_9285451020_R01C02,Uncomplicated,38.9,Term,NA,NA,Male,450K,GSE74738,R01C02,9285451020
GSM1931578,Placenta,GSM1931578_9296930098_R06C01,Uncomplicated,41.6,Term,NA,NA,Female,450K,GSE74738,R06C01,9296930098
GSM1931581,Placenta,GSM1931581_9285451059_R04C01,Uncomplicated,39.7,Term,NA,NA,Female,450K,GSE74738,R04C01,9285451059
GSM1931582,Placenta,GSM1931582_7973201026_R03C02,Uncomplicated,37.1,Term,NA,NA,Female,450K,GSE74738,R03C02,7973201026
GSM1931583,Placenta,GSM1931583_9296930103_R03C01,Uncomplicated,39,Term,NA,NA,Male,450K,GSE74738,R03C01,9296930103
GSM1931585,Placenta,GSM1931585_9296930098_R03C01,Uncomplicated,38.6,Term,NA,NA,Male,450K,GSE74738,R03C01,9296930098
GSM1931587,Placenta,GSM1931587_9285451020_R03C02,Uncomplicated,39.7,Term,NA,NA,Female,450K,GSE74738,R03C02,9285451020
GSM1931588,Placenta,GSM1931588_9296930123_R04C02,Uncomplicated,39.6,Term,NA,NA,Female,450K,GSE74738,R04C02,9296930123
GSM1931590,Placenta,GSM1931590_9266441156_R03C01,Uncomplicated,39,Term,NA,NA,Female,450K,GSE74738,R03C01,9266441156
GSM1931591,Placenta,GSM1931591_9266441046_R01C01,Uncomplicated,39.4,Term,NA,NA,Female,450K,GSE74738,R01C01,9266441046
GSM1931596,Placenta,GSM1931596_9266441046_R02C01,Uncomplicated,37.9,Term,NA,NA,Male,450K,GSE74738,R02C01,9266441046
GSM1931597,Placenta,GSM1931597_9296930103_R01C01,Uncomplicated,39.7,Term,NA,NA,Male,450K,GSE74738,R01C01,9296930103
GSM1931599,Placenta,GSM1931599_9285451020_R01C01,Uncomplicated,40.3,Term,NA,NA,Female,450K,GSE74738,R01C01,9285451020
GSM1931601,Placenta,GSM1931601_9266441046_R04C01,Uncomplicated,40.1,Term,NA,NA,Male,450K,GSE74738,R04C01,9266441046
GSM1702082,Placenta,GSM1702082_7970368015_R03C01,Uncomplicated,15.0,Second,NA,NA,Female,450K,GSE69502,R03C01,7970368015
GSM1702102,Placenta,GSM1702102_7970368054_R05C01,Uncomplicated,23.7,Second,NA,NA,Male,450K,GSE69502,R05C01,7970368054
GSM1702121,Placenta,GSM1702121_7970368097_R03C01,Uncomplicated,17.0,Second,NA,NA,Female,450K,GSE69502,R03C01,7970368097
GSM1702135,Placenta,GSM1702135_7970368112_R06C01,Uncomplicated,20.3,Second,NA,NA,Female,450K,GSE69502,R06C01,7970368112
GSM1702147,Placenta,GSM1702147_7970368050_R05C01,Uncomplicated,19.1,Second,NA,NA,Male,450K,GSE69502,R05C01,7970368050
GSM1702149,Placenta,GSM1702149_7970368050_R06C02,Uncomplicated,19.0,Second,NA,NA,Male,450K,GSE69502,R06C02,7970368050
GSM1702174,Placenta,GSM1702174_7970368142_R04C01,Uncomplicated,17.0,Second,NA,NA,Male,450K,GSE69502,R04C01,7970368142
GSM1702177,Placenta,GSM1702177_7970368142_R05C02,Uncomplicated,15.5,Second,NA,NA,Female,450K,GSE69502,R05C02,7970368142
GSM1702185,Placenta,GSM1702185_7973201026_R05C02,Uncomplicated,23.3,Second,NA,NA,Female,450K,GSE69502,R05C02,7973201026
GSM1702195,Placenta,GSM1702195_9296930114_R02C01,Uncomplicated,18.0,Second,NA,NA,Female,450K,GSE69502,R02C01,9296930114
GSM1702206,Placenta,GSM1702206_9296930117_R05C01,Uncomplicated,19.7,Second,NA,NA,Female,450K,GSE69502,R05C01,9296930117
GSM1702208,Placenta,GSM1702208_9296930117_R06C01,Uncomplicated,18.7,Second,NA,NA,Female,450K,GSE69502,R06C01,9296930117
GSM1702209,Placenta,GSM1702209_9296930117_R06C02,Uncomplicated,14.5,Second,NA,NA,Female,450K,GSE69502,R06C02,9296930117
GSM1702222,Placenta,GSM1702222_9296930154_R03C02,Uncomplicated,18.5,Second,NA,NA,Female,450K,GSE69502,R03C02,9296930154
GSM1702240,Placenta,GSM1702240_9406922026_R04C01,Uncomplicated,19.0,Second,NA,NA,Male,450K,GSE69502,R04C01,9406922026
GSM1702246,Placenta,GSM1702246_9406922117_R04C01,Uncomplicated,23.9,Second,NA,NA,Female,450K,GSE69502,R04C01,9406922117
GSM1944951,Placenta,GSM1944951_9376561054_R03C02,Uncomplicated,39,Term,NA,NA,Female,450K,GSE75196,R03C02,9376561054
GSM1944952,Placenta,GSM1944952_9376561054_R04C02,Uncomplicated,38,Term,NA,NA,Male,450K,GSE75196,R04C02,9376561054
GSM1944953,Placenta,GSM1944953_9376561054_R05C02,Uncomplicated,39,Term,NA,NA,Male,450K,GSE75196,R05C02,9376561054
GSM1944954,Placenta,GSM1944954_9376561054_R06C02,Uncomplicated,38,Term,NA,NA,Female,450K,GSE75196,R06C02,9376561054
GSM1944955,Placenta,GSM1944955_9376561070_R01C01,Uncomplicated,39,Term,NA,NA,Female,450K,GSE75196,R01C01,9376561070
GSM1944956,Placenta,GSM1944956_9376561070_R02C01,Uncomplicated,38,Term,NA,NA,Female,450K,GSE75196,R02C01,9376561070
GSM1944957,Placenta,GSM1944957_9376561070_R03C01,Uncomplicated,40,Term,NA,NA,Female,450K,GSE75196,R03C01,9376561070
GSM1944958,Placenta,GSM1944958_9376561070_R04C01,Uncomplicated,39,Term,NA,NA,Female,450K,GSE75196,R04C01,9376561070
GSM1944959,Placenta,GSM1944959_9376561070_R05C01,Uncomplicated,39,Term,NA,NA,Female,450K,GSE75196,R05C01,9376561070
GSM1944960,Placenta,GSM1944960_9376561070_R06C01,Uncomplicated,39,Term,NA,NA,Female,450K,GSE75196,R06C01,9376561070
GSM1944961,Placenta,GSM1944961_9376561070_R01C02,Uncomplicated,38,Term,NA,NA,Male,450K,GSE75196,R01C02,9376561070
GSM1944962,Placenta,GSM1944962_9376561070_R02C02,Uncomplicated,38,Term,NA,NA,Male,450K,GSE75196,R02C02,9376561070
GSM1944963,Placenta,GSM1944963_9376561070_R03C02,Uncomplicated,39,Term,NA,NA,Male,450K,GSE75196,R03C02,9376561070
GSM1944964,Placenta,GSM1944964_9376561070_R04C02,Uncomplicated,40,Term,NA,NA,Male,450K,GSE75196,R04C02,9376561070
GSM1944965,Placenta,GSM1944965_9376561070_R05C02,Uncomplicated,38,Term,NA,NA,Male,450K,GSE75196,R05C02,9376561070
GSM1944966,Placenta,GSM1944966_9376561070_R06C02,Uncomplicated,40,Term,NA,NA,Female,450K,GSE75196,R06C02,9376561070
GSM1947014,Placenta,GSM1947014_3999997072_R03C02,Uncomplicated,NA,Term,NA,NA,Female,450K,GSE75248,R03C02,3999997072
GSM1947016,Placenta,GSM1947016_3999997080_R04C02,Uncomplicated,NA,Term,NA,NA,Male,450K,GSE75248,R04C02,3999997080
GSM1947022,Placenta,GSM1947022_5806417081_R02C01,Uncomplicated,NA,Term,NA,NA,Female,450K,GSE75248,R02C01,5806417081
GSM1947024,Placenta,GSM1947024_5806417009_R01C01,Uncomplicated,NA,Term,NA,NA,Female,450K,GSE75248,R01C01,5806417009
GSM1947026,Placenta,GSM1947026_5806636019_R06C02,Uncomplicated,NA,Term,NA,NA,Female,450K,GSE75248,R06C02,5806636019
GSM1947029,Placenta,GSM1947029_5806417045_R01C02,Uncomplicated,NA,Term,NA,NA,Male,450K,GSE75248,R01C02,5806417045
GSM1947030,Placenta,GSM1947030_5806417076_R02C01,Uncomplicated,NA,Term,NA,NA,Male,450K,GSE75248,R02C01,5806417076
GSM1947032,Placenta,GSM1947032_5806417077_R05C02,Uncomplicated,NA,Term,NA,NA,Female,450K,GSE75248,R05C02,5806417077
GSM1947034,Placenta,GSM1947034_5806636041_R05C01,Uncomplicated,NA,Term,NA,NA,Female,450K,GSE75248,R05C01,5806636041
GSM1947036,Placenta,GSM1947036_5806636029_R01C02,Uncomplicated,NA,Term,NA,NA,Female,450K,GSE75248,R01C02,5806636029
GSM1947038,Placenta,GSM1947038_6008581014_R04C02,Uncomplicated,NA,Term,NA,NA,Female,450K,GSE75248,R04C02,6008581014
GSM1947039,Placenta,GSM1947039_5806636086_R02C02,Uncomplicated,NA,Term,NA,NA,Male,450K,GSE75248,R02C02,5806636086
GSM1947040,Placenta,GSM1947040_5859594006_R01C02,Uncomplicated,NA,Term,NA,NA,Female,450K,GSE75248,R01C02,5859594006
GSM1947043,Placenta,GSM1947043_5806636061_R04C01,Uncomplicated,NA,Term,NA,NA,Female,450K,GSE75248,R04C01,5806636061
GSM1947044,Placenta,GSM1947044_5806636042_R04C01,Uncomplicated,NA,Term,NA,NA,Female,450K,GSE75248,R04C01,5806636042
GSM1947047,Placenta,GSM1947047_5859594009_R02C02,Uncomplicated,NA,Term,NA,NA,Female,450K,GSE75248,R02C02,5859594009
GSM1947073,Placenta,GSM1947073_5806636039_R05C01,Uncomplicated,NA,Term,NA,NA,Male,450K,GSE75248,R05C01,5806636039
GSM1947075,Placenta,GSM1947075_5859594028_R06C02,Uncomplicated,NA,Term,NA,NA,Female,450K,GSE75248,R06C02,5859594028
GSM1947077,Placenta,GSM1947077_6008581005_R06C01,Uncomplicated,NA,Term,NA,NA,Male,450K,GSE75248,R06C01,6008581005
GSM1947078,Placenta,GSM1947078_6008581005_R03C02,Uncomplicated,NA,Term,NA,NA,Male,450K,GSE75248,R03C02,6008581005
GSM1947080,Placenta,GSM1947080_5859594028_R06C01,Uncomplicated,NA,Term,NA,NA,Male,450K,GSE75248,R06C01,5859594028
GSM1947081,Placenta,GSM1947081_5806636079_R03C02,Uncomplicated,NA,Term,NA,NA,Female,450K,GSE75248,R03C02,5806636079
GSM1947082,Placenta,GSM1947082_5806417045_R03C02,Uncomplicated,NA,Term,NA,NA,Male,450K,GSE75248,R03C02,5806417045
GSM1947086,Placenta,GSM1947086_5806636042_R03C01,Uncomplicated,NA,Term,NA,NA,Male,450K,GSE75248,R03C01,5806636042
GSM1947089,Placenta,GSM1947089_5806636039_R06C02,Uncomplicated,NA,Term,NA,NA,Male,450K,GSE75248,R06C02,5806636039
GSM1947091,Placenta,GSM1947091_5859594009_R05C01,Uncomplicated,NA,Term,NA,NA,Female,450K,GSE75248,R05C01,5859594009
GSM1947092,Placenta,GSM1947092_6008581008_R03C01,Uncomplicated,NA,Term,NA,NA,Female,450K,GSE75248,R03C01,6008581008
GSM1947093,Placenta,GSM1947093_5806636038_R03C02,Uncomplicated,NA,Term,NA,NA,Male,450K,GSE75248,R03C02,5806636038
GSM1947095,Placenta,GSM1947095_6008581003_R04C01,Uncomplicated,NA,Term,NA,NA,Male,450K,GSE75248,R04C01,6008581003
GSM1947097,Placenta,GSM1947097_5806417077_R02C01,Uncomplicated,NA,Term,NA,NA,Male,450K,GSE75248,R02C01,5806417077
GSM1947101,Placenta,GSM1947101_6008581008_R06C01,Uncomplicated,NA,Term,NA,NA,Female,450K,GSE75248,R06C01,6008581008
GSM1947102,Placenta,GSM1947102_5806636039_R05C02,Uncomplicated,NA,Term,NA,NA,Male,450K,GSE75248,R05C02,5806636039
GSM1947110,Placenta,GSM1947110_5806636086_R02C01,Uncomplicated,NA,Term,NA,NA,Male,450K,GSE75248,R02C01,5806636086
GSM1947111,Placenta,GSM1947111_6190781088_R04C01,Uncomplicated,NA,Term,NA,NA,Male,450K,GSE75248,R04C01,6190781088
GSM1947112,Placenta,GSM1947112_5806636034_R06C01,Uncomplicated,NA,Term,NA,NA,Female,450K,GSE75248,R06C01,5806636034
GSM1947113,Placenta,GSM1947113_3999997076_R01C01,Uncomplicated,NA,Term,NA,NA,Female,450K,GSE75248,R01C01,3999997076
GSM1947114,Placenta,GSM1947114_5806636030_R03C02,Uncomplicated,NA,Term,NA,NA,Female,450K,GSE75248,R03C02,5806636030
GSM1947115,Placenta,GSM1947115_5806636030_R02C02,Uncomplicated,NA,Term,NA,NA,Female,450K,GSE75248,R02C02,5806636030
GSM1947117,Placenta,GSM1947117_6008581008_R03C02,Uncomplicated,NA,Term,NA,NA,Male,450K,GSE75248,R03C02,6008581008
GSM1947118,Placenta,GSM1947118_5806636090_R03C01,Uncomplicated,NA,Term,NA,NA,Female,450K,GSE75248,R03C01,5806636090
GSM1947123,Placenta,GSM1947123_5806417076_R05C01,Uncomplicated,NA,Term,NA,NA,Male,450K,GSE75248,R05C01,5806417076
GSM1947124,Placenta,GSM1947124_6008581008_R01C01,Uncomplicated,NA,Term,NA,NA,Female,450K,GSE75248,R01C01,6008581008
GSM1947126,Placenta,GSM1947126_5859594028_R02C02,Uncomplicated,NA,Term,NA,NA,Female,450K,GSE75248,R02C02,5859594028
GSM1947128,Placenta,GSM1947128_6008581028_R02C02,Uncomplicated,NA,Term,NA,NA,Female,450K,GSE75248,R02C02,6008581028
GSM1947132,Placenta,GSM1947132_5806636019_R03C01,Uncomplicated,NA,Term,NA,NA,Female,450K,GSE75248,R03C01,5806636019
GSM1947133,Placenta,GSM1947133_6008581008_R04C01,Uncomplicated,NA,Term,NA,NA,Female,450K,GSE75248,R04C01,6008581008
GSM1947134,Placenta,GSM1947134_5859720025_R04C02,Uncomplicated,NA,Term,NA,NA,Male,450K,GSE75248,R04C02,5859720025
GSM1947139,Placenta,GSM1947139_5806417081_R06C02,Uncomplicated,NA,Term,NA,NA,Female,450K,GSE75248,R06C02,5806417081
GSM1947141,Placenta,GSM1947141_5806636090_R03C02,Uncomplicated,NA,Term,NA,NA,Male,450K,GSE75248,R03C02,5806636090
GSM1947142,Placenta,GSM1947142_5806636063_R06C02,Uncomplicated,NA,Term,NA,NA,Male,450K,GSE75248,R06C02,5806636063
GSM1947143,Placenta,GSM1947143_5806636030_R01C02,Uncomplicated,NA,Term,NA,NA,Female,450K,GSE75248,R01C02,5806636030
GSM1947145,Placenta,GSM1947145_5806636030_R05C01,Uncomplicated,NA,Term,NA,NA,Female,450K,GSE75248,R05C01,5806636030
GSM1947146,Placenta,GSM1947146_5806417045_R06C02,Uncomplicated,NA,Term,NA,NA,Male,450K,GSE75248,R06C02,5806417045
GSM1947148,Placenta,GSM1947148_5806636030_R04C01,Uncomplicated,NA,Term,NA,NA,Female,450K,GSE75248,R04C01,5806636030
GSM1947149,Placenta,GSM1947149_5806636085_R04C02,Uncomplicated,NA,Term,NA,NA,Male,450K,GSE75248,R04C02,5806636085
GSM1947151,Placenta,GSM1947151_5859720025_R05C02,Uncomplicated,NA,Term,NA,NA,Female,450K,GSE75248,R05C02,5859720025
GSM1947152,Placenta,GSM1947152_5806636035_R06C01,Uncomplicated,NA,Term,NA,NA,Male,450K,GSE75248,R06C01,5806636035
GSM1947154,Placenta,GSM1947154_5806636020_R02C01,Uncomplicated,NA,Term,NA,NA,Male,450K,GSE75248,R02C01,5806636020
GSM1947158,Placenta,GSM1947158_5806636036_R05C02,Uncomplicated,NA,Term,NA,NA,Female,450K,GSE75248,R05C02,5806636036
GSM1947159,Placenta,GSM1947159_6008581014_R05C01,Uncomplicated,NA,Term,NA,NA,Female,450K,GSE75248,R05C01,6008581014
GSM1947160,Placenta,GSM1947160_5806636035_R01C01,Uncomplicated,NA,Term,NA,NA,Female,450K,GSE75248,R01C01,5806636035
GSM1947163,Placenta,GSM1947163_5806636026_R03C02,Uncomplicated,NA,Term,NA,NA,Female,450K,GSE75248,R03C02,5806636026
GSM1947193,Placenta,GSM1947193_6008581026_R05C02,Uncomplicated,NA,Term,NA,NA,Male,450K,GSE75248,R05C02,6008581026
GSM1947194,Placenta,GSM1947194_5806636034_R01C01,Uncomplicated,NA,Term,NA,NA,Male,450K,GSE75248,R01C01,5806636034
GSM1947195,Placenta,GSM1947195_6008581005_R01C01,Uncomplicated,NA,Term,NA,NA,Female,450K,GSE75248,R01C01,6008581005
GSM1947200,Placenta,GSM1947200_6008581008_R05C01,Uncomplicated,NA,Term,NA,NA,Male,450K,GSE75248,R05C01,6008581008
GSM1947201,Placenta,GSM1947201_5806636027_R03C01,Uncomplicated,NA,Term,NA,NA,Female,450K,GSE75248,R03C01,5806636027
GSM1947208,Placenta,GSM1947208_5806636027_R02C01,Uncomplicated,NA,Term,NA,NA,Male,450K,GSE75248,R02C01,5806636027
GSM1947209,Placenta,GSM1947209_5806417009_R06C02,Uncomplicated,NA,Term,NA,NA,Male,450K,GSE75248,R06C02,5806417009
GSM1947210,Placenta,GSM1947210_5859594028_R02C01,Uncomplicated,NA,Term,NA,NA,Male,450K,GSE75248,R02C01,5859594028
GSM1947211,Placenta,GSM1947211_5859594006_R06C02,Uncomplicated,NA,Term,NA,NA,Female,450K,GSE75248,R06C02,5859594006
GSM1947213,Placenta,GSM1947213_6008581028_R01C01,Uncomplicated,NA,Term,NA,NA,Female,450K,GSE75248,R01C01,6008581028
GSM1947215,Placenta,GSM1947215_5806636034_R03C01,Uncomplicated,NA,Term,NA,NA,Male,450K,GSE75248,R03C01,5806636034
GSM1947216,Placenta,GSM1947216_5806636042_R01C02,Uncomplicated,NA,Term,NA,NA,Male,450K,GSE75248,R01C02,5806636042
GSM1947218,Placenta,GSM1947218_5806417045_R03C01,Uncomplicated,NA,Term,NA,NA,Female,450K,GSE75248,R03C01,5806417045
GSM1947223,Placenta,GSM1947223_5806636042_R06C01,Uncomplicated,NA,Term,NA,NA,Female,450K,GSE75248,R06C01,5806636042
GSM1947224,Placenta,GSM1947224_5806417064_R02C01,Uncomplicated,NA,Term,NA,NA,Male,450K,GSE75248,R02C01,5806417064
GSM1947225,Placenta,GSM1947225_5859720012_R01C01,Uncomplicated,NA,Term,NA,NA,Female,450K,GSE75248,R01C01,5859720012
GSM1947229,Placenta,GSM1947229_5806417076_R03C02,Uncomplicated,NA,Term,NA,NA,Male,450K,GSE75248,R03C02,5806417076
GSM1947230,Placenta,GSM1947230_6008581026_R02C02,Uncomplicated,NA,Term,NA,NA,Male,450K,GSE75248,R02C02,6008581026
GSM1947231,Placenta,GSM1947231_5806417023_R02C02,Uncomplicated,NA,Term,NA,NA,Male,450K,GSE75248,R02C02,5806417023
GSM1947233,Placenta,GSM1947233_5859594025_R01C01,Uncomplicated,NA,Term,NA,NA,Female,450K,GSE75248,R01C01,5859594025
GSM1947234,Placenta,GSM1947234_6008581009_R02C01,Uncomplicated,NA,Term,NA,NA,Female,450K,GSE75248,R02C01,6008581009
GSM1947237,Placenta,GSM1947237_5859720011_R04C02,Uncomplicated,NA,Term,NA,NA,Male,450K,GSE75248,R04C02,5859720011
GSM1947238,Placenta,GSM1947238_5806636062_R01C02,Uncomplicated,NA,Term,NA,NA,Female,450K,GSE75248,R01C02,5806636062
GSM1947239,Placenta,GSM1947239_5806636037_R03C02,Uncomplicated,NA,Term,NA,NA,Male,450K,GSE75248,R03C02,5806636037
GSM1947245,Placenta,GSM1947245_5859594006_R05C01,Uncomplicated,NA,Term,NA,NA,Male,450K,GSE75248,R05C01,5859594006
GSM1947246,Placenta,GSM1947246_5806636062_R05C01,Uncomplicated,NA,Term,NA,NA,Male,450K,GSE75248,R05C01,5806636062
GSM1947247,Placenta,GSM1947247_5806417077_R03C02,Uncomplicated,NA,Term,NA,NA,Male,450K,GSE75248,R03C02,5806417077
GSM1947254,Placenta,GSM1947254_5806417077_R01C01,Uncomplicated,NA,Term,NA,NA,Female,450K,GSE75248,R01C01,5806417077
GSM1947256,Placenta,GSM1947256_5859720011_R04C01,Uncomplicated,NA,Term,NA,NA,Male,450K,GSE75248,R04C01,5859720011
GSM1947257,Placenta,GSM1947257_5806636019_R04C01,Uncomplicated,NA,Term,NA,NA,Male,450K,GSE75248,R04C01,5806636019
GSM1947259,Placenta,GSM1947259_5806417009_R02C02,Uncomplicated,NA,Term,NA,NA,Male,450K,GSE75248,R02C02,5806417009
GSM1947261,Placenta,GSM1947261_5806636063_R03C01,Uncomplicated,NA,Term,NA,NA,Female,450K,GSE75248,R03C01,5806636063
GSM1947262,Placenta,GSM1947262_5806417064_R03C02,Uncomplicated,NA,Term,NA,NA,Male,450K,GSE75248,R03C02,5806417064
GSM1947265,Placenta,GSM1947265_5806636083_R02C02,Uncomplicated,NA,Term,NA,NA,Male,450K,GSE75248,R02C02,5806636083
GSM1947267,Placenta,GSM1947267_5806417081_R02C02,Uncomplicated,NA,Term,NA,NA,Female,450K,GSE75248,R02C02,5806417081
GSM1947269,Placenta,GSM1947269_5806636051_R02C02,Uncomplicated,NA,Term,NA,NA,Male,450K,GSE75248,R02C02,5806636051
GSM1947270,Placenta,GSM1947270_5806417077_R05C01,Uncomplicated,NA,Term,NA,NA,Male,450K,GSE75248,R05C01,5806417077
GSM1947271,Placenta,GSM1947271_5806636061_R05C02,Uncomplicated,NA,Term,NA,NA,Female,450K,GSE75248,R05C02,5806636061
GSM1947272,Placenta,GSM1947272_5806417023_R01C01,Uncomplicated,NA,Term,NA,NA,Female,450K,GSE75248,R01C01,5806417023
GSM1947278,Placenta,GSM1947278_6190781088_R04C02,Uncomplicated,NA,Term,NA,NA,Male,450K,GSE75248,R04C02,6190781088
GSM1947279,Placenta,GSM1947279_5806417023_R04C02,Uncomplicated,NA,Term,NA,NA,Male,450K,GSE75248,R04C02,5806417023
GSM1947284,Placenta,GSM1947284_5806417064_R01C02,Uncomplicated,NA,Term,NA,NA,Female,450K,GSE75248,R01C02,5806417064
GSM1947286,Placenta,GSM1947286_5806417009_R02C01,Uncomplicated,NA,Term,NA,NA,Female,450K,GSE75248,R02C01,5806417009
GSM1947287,Placenta,GSM1947287_5806417045_R04C02,Uncomplicated,NA,Term,NA,NA,Male,450K,GSE75248,R04C02,5806417045
GSM1947290,Placenta,GSM1947290_3999997091_R03C01,Uncomplicated,NA,Term,NA,NA,Male,450K,GSE75248,R03C01,3999997091
GSM1947291,Placenta,GSM1947291_3999997074_R01C02,Uncomplicated,NA,Term,NA,NA,Male,450K,GSE75248,R01C02,3999997074
GSM1947292,Placenta,GSM1947292_3999997100_R01C01,Uncomplicated,NA,Term,NA,NA,Male,450K,GSE75248,R01C01,3999997100
GSM1947293,Placenta,GSM1947293_3999997076_R06C01,Uncomplicated,NA,Term,NA,NA,Male,450K,GSE75248,R06C01,3999997076
GSM1947296,Placenta,GSM1947296_3999997076_R02C02,Uncomplicated,NA,Term,NA,NA,Female,450K,GSE75248,R02C02,3999997076
GSM1947303,Placenta,GSM1947303_3999997093_R06C01,Uncomplicated,NA,Term,NA,NA,Female,450K,GSE75248,R06C01,3999997093
GSM1947304,Placenta,GSM1947304_3999997072_R05C02,Uncomplicated,NA,Term,NA,NA,Female,450K,GSE75248,R05C02,3999997072
GSM1947311,Placenta,GSM1947311_3999997076_R01C02,Uncomplicated,NA,Term,NA,NA,Male,450K,GSE75248,R01C02,3999997076
GSM1947312,Placenta,GSM1947312_3999997091_R05C02,Uncomplicated,NA,Term,NA,NA,Female,450K,GSE75248,R05C02,3999997091
GSM1947313,Placenta,GSM1947313_3999997093_R05C01,Uncomplicated,NA,Term,NA,NA,Male,450K,GSE75248,R05C01,3999997093
GSM1947314,Placenta,GSM1947314_3999997114_R02C02,Uncomplicated,NA,Term,NA,NA,Male,450K,GSE75248,R02C02,3999997114
GSM1947317,Placenta,GSM1947317_3999997100_R04C01,Uncomplicated,NA,Term,NA,NA,Female,450K,GSE75248,R04C01,3999997100
GSM1947322,Placenta,GSM1947322_3999997110_R06C01,Uncomplicated,NA,Term,NA,NA,Male,450K,GSE75248,R06C01,3999997110
GSM1947324,Placenta,GSM1947324_3999997074_R05C01,Uncomplicated,NA,Term,NA,NA,Female,450K,GSE75248,R05C01,3999997074
GSM1947326,Placenta,GSM1947326_3999997100_R04C02,Uncomplicated,NA,Term,NA,NA,Male,450K,GSE75248,R04C02,3999997100
GSM1947327,Placenta,GSM1947327_3999997091_R04C01,Uncomplicated,NA,Term,NA,NA,Female,450K,GSE75248,R04C01,3999997091
GSM1947328,Placenta,GSM1947328_3999997080_R05C01,Uncomplicated,NA,Term,NA,NA,Male,450K,GSE75248,R05C01,3999997080
GSM1947329,Placenta,GSM1947329_3999997076_R03C02,Uncomplicated,NA,Term,NA,NA,Male,450K,GSE75248,R03C02,3999997076
GSM1947330,Placenta,GSM1947330_3999997074_R01C01,Uncomplicated,NA,Term,NA,NA,Male,450K,GSE75248,R01C01,3999997074
GSM1947331,Placenta,GSM1947331_3999997074_R06C02,Uncomplicated,NA,Term,NA,NA,Male,450K,GSE75248,R06C02,3999997074
GSM1947332,Placenta,GSM1947332_3999997114_R01C02,Uncomplicated,NA,Term,NA,NA,Female,450K,GSE75248,R01C02,3999997114
GSM1947333,Placenta,GSM1947333_3999997077_R04C02,Uncomplicated,NA,Term,NA,NA,Female,450K,GSE75248,R04C02,3999997077
GSM1947334,Placenta,GSM1947334_3999997076_R05C02,Uncomplicated,NA,Term,NA,NA,Female,450K,GSE75248,R05C02,3999997076
GSM1947335,Placenta,GSM1947335_3999997072_R01C01,Uncomplicated,NA,Term,NA,NA,Female,450K,GSE75248,R01C01,3999997072
GSM1947337,Placenta,GSM1947337_3999997114_R01C01,Uncomplicated,NA,Term,NA,NA,Male,450K,GSE75248,R01C01,3999997114
GSM1947338,Placenta,GSM1947338_3999997072_R06C01,Uncomplicated,NA,Term,NA,NA,Female,450K,GSE75248,R06C01,3999997072
GSM1947342,Placenta,GSM1947342_3999997110_R05C01,Uncomplicated,NA,Term,NA,NA,Male,450K,GSE75248,R05C01,3999997110
GSM1947343,Placenta,GSM1947343_3999997114_R03C01,Uncomplicated,NA,Term,NA,NA,Male,450K,GSE75248,R03C01,3999997114
GSM1947345,Placenta,GSM1947345_3999997051_R06C02,Uncomplicated,NA,Term,NA,NA,Female,450K,GSE75248,R06C02,3999997051
GSM1947347,Placenta,GSM1947347_3999997074_R03C01,Uncomplicated,NA,Term,NA,NA,Female,450K,GSE75248,R03C01,3999997074
GSM1947348,Placenta,GSM1947348_3999997110_R04C01,Uncomplicated,NA,Term,NA,NA,Male,450K,GSE75248,R04C01,3999997110
GSM1947349,Placenta,GSM1947349_3999997110_R06C02,Uncomplicated,NA,Term,NA,NA,Male,450K,GSE75248,R06C02,3999997110
GSM1947350,Placenta,GSM1947350_3999997110_R01C02,Uncomplicated,NA,Term,NA,NA,Female,450K,GSE75248,R01C02,3999997110
GSM1947351,Placenta,GSM1947351_3999997114_R04C01,Uncomplicated,NA,Term,NA,NA,Female,450K,GSE75248,R04C01,3999997114
GSM1947352,Placenta,GSM1947352_3999997091_R02C02,Uncomplicated,NA,Term,NA,NA,Male,450K,GSE75248,R02C02,3999997091
GSM1947353,Placenta,GSM1947353_3999997080_R04C01,Uncomplicated,NA,Term,NA,NA,Female,450K,GSE75248,R04C01,3999997080
GSM1947354,Placenta,GSM1947354_3999997077_R02C01,Uncomplicated,NA,Term,NA,NA,Male,450K,GSE75248,R02C01,3999997077
GSM1947355,Placenta,GSM1947355_3999997091_R06C02,Uncomplicated,NA,Term,NA,NA,Female,450K,GSE75248,R06C02,3999997091
GSM1947356,Placenta,GSM1947356_3999997074_R03C02,Uncomplicated,NA,Term,NA,NA,Female,450K,GSE75248,R03C02,3999997074
GSM1947357,Placenta,GSM1947357_3999997091_R06C01,Uncomplicated,NA,Term,NA,NA,Female,450K,GSE75248,R06C01,3999997091
GSM1947358,Placenta,GSM1947358_3999997100_R06C02,Uncomplicated,NA,Term,NA,NA,Male,450K,GSE75248,R06C02,3999997100
GSM1947361,Placenta,GSM1947361_3999997074_R05C02,Uncomplicated,NA,Term,NA,NA,Male,450K,GSE75248,R05C02,3999997074
GSM1947364,Placenta,GSM1947364_3999997074_R02C02,Uncomplicated,NA,Term,NA,NA,Female,450K,GSE75248,R02C02,3999997074
GSM1947365,Placenta,GSM1947365_3999997093_R01C01,Uncomplicated,NA,Term,NA,NA,Female,450K,GSE75248,R01C01,3999997093
GSM1947366,Placenta,GSM1947366_3999997072_R03C01,Uncomplicated,NA,Term,NA,NA,Female,450K,GSE75248,R03C01,3999997072
GSM1947369,Placenta,GSM1947369_3999997072_R02C02,Uncomplicated,NA,Term,NA,NA,Female,450K,GSE75248,R02C02,3999997072
GSM1947370,Placenta,GSM1947370_3999997077_R01C01,Uncomplicated,NA,Term,NA,NA,Male,450K,GSE75248,R01C01,3999997077
GSM1947379,Placenta,GSM1947379_3999997072_R01C02,Uncomplicated,NA,Term,NA,NA,Male,450K,GSE75248,R01C02,3999997072
GSM1947381,Placenta,GSM1947381_3999997110_R01C01,Uncomplicated,NA,Term,NA,NA,Female,450K,GSE75248,R01C01,3999997110
GSM1947383,Placenta,GSM1947383_3999997074_R02C01,Uncomplicated,NA,Term,NA,NA,Male,450K,GSE75248,R02C01,3999997074
GSM1947384,Placenta,GSM1947384_3999997072_R04C01,Uncomplicated,NA,Term,NA,NA,Male,450K,GSE75248,R04C01,3999997072
GSM1947386,Placenta,GSM1947386_3999997114_R05C01,Uncomplicated,NA,Term,NA,NA,Female,450K,GSE75248,R05C01,3999997114
GSM1947387,Placenta,GSM1947387_3999997114_R06C02,Uncomplicated,NA,Term,NA,NA,Male,450K,GSE75248,R06C02,3999997114
GSM1947388,Placenta,GSM1947388_3999997074_R04C02,Uncomplicated,NA,Term,NA,NA,Male,450K,GSE75248,R04C02,3999997074
GSM1947392,Placenta,GSM1947392_3999997114_R03C02,Uncomplicated,NA,Term,NA,NA,Male,450K,GSE75248,R03C02,3999997114
GSM1947393,Placenta,GSM1947393_3999997077_R05C02,Uncomplicated,NA,Term,NA,NA,Male,450K,GSE75248,R05C02,3999997077
GSM1947395,Placenta,GSM1947395_3999997077_R04C01,Uncomplicated,NA,Term,NA,NA,Male,450K,GSE75248,R04C01,3999997077
GSM1947396,Placenta,GSM1947396_3999997110_R05C02,Uncomplicated,NA,Term,NA,NA,Female,450K,GSE75248,R05C02,3999997110
GSM1947397,Placenta,GSM1947397_3999997093_R05C02,Uncomplicated,NA,Term,NA,NA,Male,450K,GSE75248,R05C02,3999997093
GSM1947398,Placenta,GSM1947398_3999997076_R03C01,Uncomplicated,NA,Term,NA,NA,Male,450K,GSE75248,R03C01,3999997076
GSM1947399,Placenta,GSM1947399_3999997080_R02C01,Uncomplicated,NA,Term,NA,NA,Male,450K,GSE75248,R02C01,3999997080
GSM1947401,Placenta,GSM1947401_3999997093_R02C02,Uncomplicated,NA,Term,NA,NA,Male,450K,GSE75248,R02C02,3999997093
GSM1947403,Placenta,GSM1947403_3999997114_R02C01,Uncomplicated,NA,Term,NA,NA,Female,450K,GSE75248,R02C01,3999997114
GSM1947404,Placenta,GSM1947404_3999997076_R04C01,Uncomplicated,NA,Term,NA,NA,Male,450K,GSE75248,R04C01,3999997076
GSM1947405,Placenta,GSM1947405_3999997093_R02C01,Uncomplicated,NA,Term,NA,NA,Male,450K,GSE75248,R02C01,3999997093
GSM1947406,Placenta,GSM1947406_3999997080_R03C01,Uncomplicated,NA,Term,NA,NA,Female,450K,GSE75248,R03C01,3999997080
GSM1947408,Placenta,GSM1947408_3999997077_R06C01,Uncomplicated,NA,Term,NA,NA,Female,450K,GSE75248,R06C01,3999997077
GSM1947409,Placenta,GSM1947409_3999997093_R01C02,Uncomplicated,NA,Term,NA,NA,Female,450K,GSE75248,R01C02,3999997093
GSM3179718,Placenta,GSM3179718_200889820007_R07C01,Uncomplicated,37,Term,NA,NA,Male,EPIC,GSE115508,R07C01,200889820007
GSM3179720,Placenta,GSM3179720_200889820023_R01C01,Uncomplicated,37,Term,NA,NA,Male,EPIC,GSE115508,R01C01,200889820023
GSM3179728,Placenta,GSM3179728_200889820024_R01C01,Uncomplicated,37,Term,NA,NA,Female,EPIC,GSE115508,R01C01,200889820024
GSM3179755,Placenta,GSM3179755_200925700033_R04C01,Uncomplicated,37,Term,NA,NA,Male,EPIC,GSE115508,R04C01,200925700033
GSM3396829,Placenta,GSM3396829_9992571130_R06C01,Uncomplicated,NA,Term,Outlier,NA,Female,450K,GSE120250,R06C01,9992571130
GSM3396830,Placenta,GSM3396830_9992571114_R05C02,Uncomplicated,NA,Term,Standard,NA,Female,450K,GSE120250,R05C02,9992571114
GSM3396831,Placenta,GSM3396831_9992576159_R02C01,Uncomplicated,NA,Term,Standard,NA,Male,450K,GSE120250,R02C01,9992576159
GSM3396832,Placenta,GSM3396832_9992576033_R03C02,Uncomplicated,NA,Term,Standard,NA,Female,450K,GSE120250,R03C02,9992576033
GSM3396833,Placenta,GSM3396833_9992571130_R03C02,Uncomplicated,NA,Term,Standard,NA,Male,450K,GSE120250,R03C02,9992571130
GSM3396834,Placenta,GSM3396834_9992576207_R03C01,Uncomplicated,NA,Term,Standard,NA,Female,450K,GSE120250,R03C01,9992576207
GSM3396835,Placenta,GSM3396835_9992571127_R06C02,Uncomplicated,NA,Term,Outlier,NA,Female,450K,GSE120250,R06C02,9992571127
GSM3396836,Placenta,GSM3396836_9992576119_R05C02,Uncomplicated,NA,Term,Standard,NA,Male,450K,GSE120250,R05C02,9992576119
GSM3396837,Placenta,GSM3396837_9992576119_R01C02,Uncomplicated,NA,Term,Standard,NA,Female,450K,GSE120250,R01C02,9992576119
GSM3396838,Placenta,GSM3396838_9992576119_R03C01,Uncomplicated,NA,Term,Standard,NA,Male,450K,GSE120250,R03C01,9992576119
GSM3396839,Placenta,GSM3396839_9992576160_R05C01,Uncomplicated,NA,Term,Standard,NA,Male,450K,GSE120250,R05C01,9992576160
GSM3396840,Placenta,GSM3396840_9992576022_R04C01,Uncomplicated,NA,Term,Standard,NA,Male,450K,GSE120250,R04C01,9992576022
GSM3396841,Placenta,GSM3396841_9992576207_R04C02,Uncomplicated,NA,Term,Standard,NA,Male,450K,GSE120250,R04C02,9992576207
GSM3396842,Placenta,GSM3396842_9992576160_R01C02,Uncomplicated,NA,Term,Standard,NA,Female,450K,GSE120250,R01C02,9992576160
GSM3396843,Placenta,GSM3396843_9992571114_R01C01,Uncomplicated,NA,Term,Standard,NA,Female,450K,GSE120250,R01C01,9992571114
GSM3396844,Placenta,GSM3396844_9992571127_R04C01,Uncomplicated,NA,Term,Standard,NA,Male,450K,GSE120250,R04C01,9992571127
GSM3396845,Placenta,GSM3396845_9992576033_R03C01,Uncomplicated,NA,Term,Standard,NA,Female,450K,GSE120250,R03C01,9992576033
GSM3396846,Placenta,GSM3396846_9992576033_R02C01,Uncomplicated,NA,Term,Standard,NA,Female,450K,GSE120250,R02C01,9992576033
GSM3396847,Placenta,GSM3396847_9992571127_R01C02,Uncomplicated,NA,Term,Standard,NA,Male,450K,GSE120250,R01C02,9992571127
GSM3396848,Placenta,GSM3396848_9992571130_R05C02,Uncomplicated,NA,Term,Standard,NA,Male,450K,GSE120250,R05C02,9992571130
GSM3396849,Placenta,GSM3396849_9992576207_R02C01,Uncomplicated,NA,Term,Standard,NA,Female,450K,GSE120250,R02C01,9992576207
GSM3396850,Placenta,GSM3396850_9992571127_R05C01,Uncomplicated,NA,Term,Standard,NA,Female,450K,GSE120250,R05C01,9992571127
GSM3396851,Placenta,GSM3396851_9992576207_R06C02,Uncomplicated,NA,Term,Standard,NA,Male,450K,GSE120250,R06C02,9992576207
GSM3396852,Placenta,GSM3396852_9992576159_R05C01,Uncomplicated,NA,Term,Standard,NA,Female,450K,GSE120250,R05C01,9992576159
GSM3396853,Placenta,GSM3396853_9992576033_R01C01,Uncomplicated,NA,Term,Standard,NA,Male,450K,GSE120250,R01C01,9992576033
GSM3396854,Placenta,GSM3396854_9992576159_R04C02,Uncomplicated,NA,Term,Standard,NA,Male,450K,GSE120250,R04C02,9992576159
GSM3396855,Placenta,GSM3396855_9992576119_R03C02,Uncomplicated,NA,Term,Standard,NA,Female,450K,GSE120250,R03C02,9992576119
GSM3396856,Placenta,GSM3396856_9992576160_R02C01,Uncomplicated,NA,Term,Standard,NA,Male,450K,GSE120250,R02C01,9992576160
GSM3396857,Placenta,GSM3396857_9992576033_R04C02,Uncomplicated,NA,Term,Standard,NA,Male,450K,GSE120250,R04C02,9992576033
GSM3396858,Placenta,GSM3396858_9992571114_R06C01,Uncomplicated,NA,Term,Standard,NA,Male,450K,GSE120250,R06C01,9992571114
GSM3396859,Placenta,GSM3396859_9992571127_R03C02,Uncomplicated,NA,Term,Outlier,NA,Male,450K,GSE120250,R03C02,9992571127
GSM3396860,Placenta,GSM3396860_9992576119_R04C02,Uncomplicated,NA,Term,Standard,NA,Female,450K,GSE120250,R04C02,9992576119
GSM3396861,Placenta,GSM3396861_9992576207_R01C02,Uncomplicated,NA,Term,Standard,NA,Female,450K,GSE120250,R01C02,9992576207
GSM3396862,Placenta,GSM3396862_9992576022_R03C01,Uncomplicated,NA,Term,Standard,NA,Female,450K,GSE120250,R03C01,9992576022
GSM3396863,Placenta,GSM3396863_9992576022_R06C01,Uncomplicated,NA,Term,Standard,NA,Male,450K,GSE120250,R06C01,9992576022
GSM3396864,Placenta,GSM3396864_9992576119_R04C01,Uncomplicated,NA,Term,Standard,NA,Male,450K,GSE120250,R04C01,9992576119
GSM3396865,Placenta,GSM3396865_9992576022_R01C02,Uncomplicated,NA,Term,Standard,NA,Female,450K,GSE120250,R01C02,9992576022
GSM3396866,Placenta,GSM3396866_9992576159_R04C01,Uncomplicated,NA,Term,Standard,NA,Male,450K,GSE120250,R04C01,9992576159
GSM3396867,Placenta,GSM3396867_9992571114_R06C02,Uncomplicated,NA,Term,Standard,NA,Female,450K,GSE120250,R06C02,9992571114
GSM3396868,Placenta,GSM3396868_9992571127_R02C01,Uncomplicated,NA,Term,Standard,NA,Female,450K,GSE120250,R02C01,9992571127
GSM3396869,Placenta,GSM3396869_9992576160_R03C02,Uncomplicated,NA,Term,Standard,NA,Male,450K,GSE120250,R03C02,9992576160
GSM3396870,Placenta,GSM3396870_9992571114_R05C01,Uncomplicated,NA,Term,Standard,NA,Female,450K,GSE120250,R05C01,9992571114
GSM3396871,Placenta,GSM3396871_9992576119_R05C01,Uncomplicated,NA,Term,Standard,NA,Male,450K,GSE120250,R05C01,9992576119
GSM3396872,Placenta,GSM3396872_9992576207_R02C02,Uncomplicated,NA,Term,Outlier,NA,Male,450K,GSE120250,R02C02,9992576207
GSM2674496,Placenta,GSM2674496_9296930098_R01C02,Uncomplicated,39,Term,Chorionic Villi,NA,Female,450K,GSE100197,R01C02,GSM2674496_9296930098
GSM2674497,Placenta,GSM2674497_9296930123_R06C01,Uncomplicated,38,Term,Chorionic Villi,NA,Male,450K,GSE100197,R06C01,GSM2674497_9296930123
GSM2674498,Placenta,GSM2674498_9266441156_R05C02,Uncomplicated,38,Term,Chorionic Villi,NA,Female,450K,GSE100197,R05C02,GSM2674498_9266441156
GSM2674499,Placenta,GSM2674499_7970368050_R03C02,Uncomplicated,37,Term,Chorionic Villi,NA,Male,450K,GSE100197,R03C02,GSM2674499_7970368050
GSM2674500,Placenta,GSM2674500_9296930103_R06C02,Uncomplicated,38,Term,Chorionic Villi,NA,Female,450K,GSE100197,R06C02,GSM2674500_9296930103
GSM2674501,Placenta,GSM2674501_9285451020_R05C01,Uncomplicated,37,Term,Chorionic Villi,NA,Female,450K,GSE100197,R05C01,GSM2674501_9285451020
GSM2674502,Placenta,GSM2674502_9285451020_R01C02,Uncomplicated,39,Term,Chorionic Villi,NA,Male,450K,GSE100197,R01C02,GSM2674502_9285451020
GSM2674503,Placenta,GSM2674503_9266441156_R06C02,Uncomplicated,38,Term,Chorionic Villi,NA,Male,450K,GSE100197,R06C02,GSM2674503_9266441156
GSM2674504,Placenta,GSM2674504_9285451059_R04C01,Uncomplicated,39,Term,Chorionic Villi,NA,Female,450K,GSE100197,R04C01,GSM2674504_9285451059
GSM2674505,Placenta,GSM2674505_9296930098_R03C01,Uncomplicated,39,Term,Chorionic Villi,NA,Male,450K,GSE100197,R03C01,GSM2674505_9296930098
GSM2674506,Placenta,GSM2674506_9285451059_R02C01,Uncomplicated,39,Term,Chorionic Villi,NA,Male,450K,GSE100197,R02C01,GSM2674506_9285451059
GSM2674507,Placenta,GSM2674507_9977525015_R05C01,Uncomplicated,39,Term,Chorionic Villi,NA,Female,450K,GSE100197,R05C01,GSM2674507_9977525015
GSM2674508,Placenta,GSM2674508_9266441156_R03C01,Uncomplicated,39,Term,Chorionic Villi,NA,Female,450K,GSE100197,R03C01,GSM2674508_9266441156
GSM2674509,Placenta,GSM2674509_9977525013_R03C02,Uncomplicated,39,Term,Chorionic Villi,NA,Male,450K,GSE100197,R03C02,GSM2674509_9977525013
GSM2674510,Placenta,GSM2674510_9977525015_R03C02,Uncomplicated,39,Term,Chorionic Villi,NA,Female,450K,GSE100197,R03C02,GSM2674510_9977525015
GSM2674511,Placenta,GSM2674511_10005833024_R02C01,Uncomplicated,38,Term,Chorionic Villi,NA,Male,450K,GSE100197,R02C01,GSM2674511_10005833024
GSM2674512,Placenta,GSM2674512_10005833024_R05C01,Uncomplicated,40,Term,Chorionic Villi,NA,Female,450K,GSE100197,R05C01,GSM2674512_10005833024
GSM2674513,Placenta,GSM2674513_9266441046_R02C01,Uncomplicated,38,Term,Chorionic Villi,NA,Male,450K,GSE100197,R02C01,GSM2674513_9266441046
GSM2674514,Placenta,GSM2674514_7970368023_R05C02,Uncomplicated,37,Term,Chorionic Villi,NA,Female,450K,GSE100197,R05C02,GSM2674514_7970368023
GSM2589544,Placenta,GSM2589544_10005833110_R04C01,Uncomplicated,38,Term,No,No,Female,450K,GSE98224,R04C01,10005833110
GSM2589550,Placenta,GSM2589550_10005833037_R05C01,Uncomplicated,38,Term,NA,No,Male,450K,GSE98224,R05C01,10005833037
GSM2589567,Placenta,GSM2589567_10005833024_R06C02,Uncomplicated,38,Term,No,No,Male,450K,GSE98224,R06C02,10005833024
GSM2589569,Placenta,GSM2589569_9977525015_R01C02,Uncomplicated,39,Term,NA,No,Male,450K,GSE98224,R01C02,9977525015
GSM2589570,Placenta,GSM2589570_10005833038_R06C01,Uncomplicated,40,Term,NA,No,Male,450K,GSE98224,R06C01,10005833038
GSM2589571,Placenta,GSM2589571_10005833037_R03C02,Uncomplicated,40,Term,No,No,Female,450K,GSE98224,R03C02,10005833037
GSM2589572,Placenta,GSM2589572_10005833110_R05C02,Uncomplicated,38,Term,No,Yes,Female,450K,GSE98224,R05C02,10005833110
GSM2589576,Placenta,GSM2589576_9977525013_R06C01,Uncomplicated,39,Term,No,Yes,Male,450K,GSE98224,R06C01,9977525013
GSM2589579,Placenta,GSM2589579_10005833024_R03C02,Uncomplicated,39,Term,Yes,No,Male,450K,GSE98224,R03C02,10005833024
GSM1842815,Placenta,GSM1842815_3999984081_R01C01,Uncomplicated,40.9985714285714,Term,NA,NA,Male,450K,GSE71678,R01C01,3999984081
GSM1842835,Placenta,GSM1842835_3999984083_R03C02,Uncomplicated,39.4328571428571,Term,NA,NA,Male,450K,GSE71678,R03C02,3999984083
GSM1842843,Placenta,GSM1842843_3999984084_R05C01,Uncomplicated,39.5714285714286,Term,NA,NA,Male,450K,GSE71678,R05C01,3999984084
GSM1842844,Placenta,GSM1842844_3999984084_R06C01,Uncomplicated,40.4314285714286,Term,NA,NA,Male,450K,GSE71678,R06C01,3999984084
GSM1842845,Placenta,GSM1842845_3999984084_R01C02,Uncomplicated,39.1414285714286,Term,NA,NA,Male,450K,GSE71678,R01C02,3999984084
GSM1842850,Placenta,GSM1842850_3999984095_R01C01,Uncomplicated,39.1471428571429,Term,NA,NA,Female,450K,GSE71678,R01C01,3999984095
GSM1842851,Placenta,GSM1842851_3999984095_R02C01,Uncomplicated,40.8614285714286,Term,NA,NA,Male,450K,GSE71678,R02C01,3999984095
GSM1842853,Placenta,GSM1842853_3999984095_R04C01,Uncomplicated,40.7142857142857,Term,NA,NA,Female,450K,GSE71678,R04C01,3999984095
GSM1842861,Placenta,GSM1842861_3999984095_R06C02,Uncomplicated,39.2842857142857,Term,NA,NA,Male,450K,GSE71678,R06C02,3999984095
GSM1842868,Placenta,GSM1842868_3999984096_R01C02,Uncomplicated,38.0014285714286,Term,NA,NA,Female,450K,GSE71678,R01C02,3999984096
GSM1842879,Placenta,GSM1842879_3999984102_R06C01,Uncomplicated,37.8571428571429,Term,NA,NA,Female,450K,GSE71678,R06C01,3999984102
GSM1842892,Placenta,GSM1842892_3999997150_R01C02,Uncomplicated,38.5728571428571,Term,NA,NA,Female,450K,GSE71678,R01C02,3999997150
GSM1842895,Placenta,GSM1842895_3999997150_R04C02,Uncomplicated,40.1414285714286,Term,NA,NA,Male,450K,GSE71678,R04C02,3999997150
GSM1842904,Placenta,GSM1842904_3999997011_R02C02,Uncomplicated,39.1457142857143,Term,NA,NA,Male,450K,GSE71678,R02C02,3999997011
GSM1842908,Placenta,GSM1842908_3999997011_R06C02,Uncomplicated,37.2828571428571,Term,NA,NA,Female,450K,GSE71678,R06C02,3999997011
GSM1842914,Placenta,GSM1842914_3999997013_R06C01,Uncomplicated,39.8571428571429,Term,NA,NA,Male,450K,GSE71678,R06C01,3999997013
GSM1842924,Placenta,GSM1842924_3999997014_R04C01,Uncomplicated,40,Term,NA,NA,Female,450K,GSE71678,R04C01,3999997014
GSM1842925,Placenta,GSM1842925_3999997014_R05C01,Uncomplicated,41.2871428571429,Term,NA,NA,Female,450K,GSE71678,R05C01,3999997014
GSM1842930,Placenta,GSM1842930_3999997014_R04C02,Uncomplicated,40.7171428571429,Term,NA,NA,Female,450K,GSE71678,R04C02,3999997014
GSM1842932,Placenta,GSM1842932_3999997014_R06C02,Uncomplicated,39,Term,NA,NA,Male,450K,GSE71678,R06C02,3999997014
GSM1842945,Placenta,GSM1842945_3999997033_R01C01,Uncomplicated,39.7157142857143,Term,NA,NA,Male,450K,GSE71678,R01C01,3999997033
GSM1842951,Placenta,GSM1842951_3999997033_R01C02,Uncomplicated,40.9971428571429,Term,NA,NA,Male,450K,GSE71678,R01C02,3999997033
GSM1842962,Placenta,GSM1842962_3999997037_R01C02,Uncomplicated,37.7142857142857,Term,NA,NA,Female,450K,GSE71678,R01C02,3999997037
GSM1842970,Placenta,GSM1842970_3999997039_R04C01,Uncomplicated,39.5742857142857,Term,NA,NA,Male,450K,GSE71678,R04C01,3999997039
GSM1842979,Placenta,GSM1842979_3999997059_R01C01,Uncomplicated,38.4328571428571,Term,NA,NA,Male,450K,GSE71678,R01C01,3999997059
GSM1842980,Placenta,GSM1842980_3999997059_R02C01,Uncomplicated,41.43,Term,NA,NA,Male,450K,GSE71678,R02C01,3999997059
GSM1842984,Placenta,GSM1842984_3999997059_R06C01,Uncomplicated,38.1414285714286,Term,NA,NA,Female,450K,GSE71678,R06C01,3999997059
GSM1842985,Placenta,GSM1842985_3999997059_R01C02,Uncomplicated,40.2871428571429,Term,NA,NA,Female,450K,GSE71678,R01C02,3999997059
GSM1842995,Placenta,GSM1842995_3999984004_R06C01,Uncomplicated,37.8571428571429,Term,NA,NA,Female,450K,GSE71678,R06C01,3999984004
GSM1843006,Placenta,GSM1843006_3999984005_R06C01,Uncomplicated,37.7142857142857,Term,NA,NA,Male,450K,GSE71678,R06C01,3999984005
GSM1843007,Placenta,GSM1843007_3999984005_R01C02,Uncomplicated,39.2828571428571,Term,NA,NA,Male,450K,GSE71678,R01C02,3999984005
GSM1843011,Placenta,GSM1843011_3999984005_R05C02,Uncomplicated,38.4328571428571,Term,NA,NA,Male,450K,GSE71678,R05C02,3999984005
GSM1843017,Placenta,GSM1843017_3999984029_R05C01,Uncomplicated,38,Term,NA,NA,Male,450K,GSE71678,R05C01,3999984029
GSM1843030,Placenta,GSM1843030_3999984038_R06C01,Uncomplicated,40.9985714285714,Term,NA,NA,Female,450K,GSE71678,R06C01,3999984038
GSM1843032,Placenta,GSM1843032_3999984038_R02C02,Uncomplicated,39.2814285714286,Term,NA,NA,Male,450K,GSE71678,R02C02,3999984038
GSM1843038,Placenta,GSM1843038_3999984049_R02C01,Uncomplicated,39.2885714285714,Term,NA,NA,Male,450K,GSE71678,R02C01,3999984049
GSM1843041,Placenta,GSM1843041_3999984049_R05C01,Uncomplicated,39.2828571428571,Term,NA,NA,Female,450K,GSE71678,R05C01,3999984049
GSM1843043,Placenta,GSM1843043_3999984049_R01C02,Uncomplicated,39.5714285714286,Term,NA,NA,Female,450K,GSE71678,R01C02,3999984049
GSM1843049,Placenta,GSM1843049_3999984068_R01C01,Uncomplicated,39.5714285714286,Term,NA,NA,Male,450K,GSE71678,R01C01,3999984068
GSM1843052,Placenta,GSM1843052_3999984068_R04C01,Uncomplicated,39.4257142857143,Term,NA,NA,Male,450K,GSE71678,R04C01,3999984068
GSM1843053,Placenta,GSM1843053_3999984068_R05C01,Uncomplicated,42.1457142857143,Term,NA,NA,Female,450K,GSE71678,R05C01,3999984068
GSM1843066,Placenta,GSM1843066_3999984082_R06C01,Uncomplicated,39,Term,NA,NA,Male,450K,GSE71678,R06C01,3999984082
GSM1843078,Placenta,GSM1843078_3999984101_R01C02,Uncomplicated,40.8585714285714,Term,NA,NA,Male,450K,GSE71678,R01C02,3999984101
GSM1843084,Placenta,GSM1843084_3999984151_R01C01,Uncomplicated,39.5714285714286,Term,NA,NA,Male,450K,GSE71678,R01C01,3999984151
GSM1843087,Placenta,GSM1843087_3999984151_R05C01,Uncomplicated,39.57,Term,NA,NA,Female,450K,GSE71678,R05C01,3999984151
GSM1843088,Placenta,GSM1843088_3999984151_R06C01,Uncomplicated,39.0028571428571,Term,NA,NA,Male,450K,GSE71678,R06C01,3999984151
GSM1843115,Placenta,GSM1843115_3999997017_R03C02,Uncomplicated,41.14,Term,NA,NA,Female,450K,GSE71678,R03C02,3999997017
GSM1843117,Placenta,GSM1843117_3999997017_R05C02,Uncomplicated,39.4257142857143,Term,NA,NA,Male,450K,GSE71678,R05C02,3999997017
GSM1843123,Placenta,GSM1843123_3999997018_R05C01,Uncomplicated,38.9985714285714,Term,NA,NA,Male,450K,GSE71678,R05C01,3999997018
GSM1843125,Placenta,GSM1843125_3999997018_R01C02,Uncomplicated,38.8557142857143,Term,NA,NA,Female,450K,GSE71678,R01C02,3999997018
GSM1843127,Placenta,GSM1843127_3999997018_R04C02,Uncomplicated,38.7185714285714,Term,NA,NA,Female,450K,GSE71678,R04C02,3999997018
GSM1843130,Placenta,GSM1843130_3999997049_R01C01,Uncomplicated,41.8585714285714,Term,NA,NA,Male,450K,GSE71678,R01C01,3999997049
GSM1843136,Placenta,GSM1843136_3999997049_R02C02,Uncomplicated,39.29,Term,NA,NA,Male,450K,GSE71678,R02C02,3999997049
GSM1843139,Placenta,GSM1843139_3999997049_R05C02,Uncomplicated,39.7128571428571,Term,NA,NA,Male,450K,GSE71678,R05C02,3999997049
GSM3109408,Decidua,GSM3109408_decidua1,Uncomplicated,NA,First,NA,NA,NA,EPIC,GSE113600,decidua1,GSM3109408
GSM3109409,Decidua,GSM3109409_decidua2,Uncomplicated,NA,First,NA,NA,NA,EPIC,GSE113600,decidua2,GSM3109409
GSM1622779,Umbilical cord blood,GSM1622779_Term_1,Uncomplicated,38,Term,NA,NA,Male,450K,GSE66459,1,Term
GSM1622780,Umbilical cord blood,GSM1622780_Term_2,Uncomplicated,38.4285714285714,Term,NA,NA,Female,450K,GSE66459,2,Term
GSM1622781,Umbilical cord blood,GSM1622781_Term_3,Uncomplicated,38.5714285714286,Term,NA,NA,Male,450K,GSE66459,3,Term
GSM1622782,Umbilical cord blood,GSM1622782_Term_5,Uncomplicated,38.8571428571429,Term,NA,NA,Male,450K,GSE66459,5,Term
GSM1622783,Umbilical cord blood,GSM1622783_Term_6,Uncomplicated,39.4285714285714,Term,NA,NA,Male,450K,GSE66459,6,Term
GSM1622784,Umbilical cord blood,GSM1622784_Term_7,Uncomplicated,39.4285714285714,Term,NA,NA,Male,450K,GSE66459,7,Term
GSM1622785,Umbilical cord blood,GSM1622785_Term_8,Uncomplicated,39.8571428571429,Term,NA,NA,Female,450K,GSE66459,8,Term
GSM1622786,Umbilical cord blood,GSM1622786_Term_9,Uncomplicated,40,Term,NA,NA,Female,450K,GSE66459,9,Term
GSM1622787,Umbilical cord blood,GSM1622787_Term_10,Uncomplicated,40.2857142857143,Term,NA,NA,Female,450K,GSE66459,10,Term
GSM1622788,Umbilical cord blood,GSM1622788_Term_11,Uncomplicated,40.5714285714286,Term,NA,NA,Female,450K,GSE66459,11,Term
GSM1622789,Umbilical cord blood,GSM1622789_Term_12,Uncomplicated,41.5714285714286,Term,NA,NA,Male,450K,GSE66459,12,Term
OurData,Placenta,201332340153_R01C01,Uncomplicated,9,First,Outlier,NA,Female,EPIC,ourStudy,R01C01,201332340153
OurData,Placenta,201332340153_R03C01,Uncomplicated,9,First,Outlier,NA,Female,EPIC,ourStudy,R03C01,201332340153
OurData,Placenta,201414140063_R05C01,Uncomplicated,6,First,Outlier,NA,Female,EPIC,ourStudy,R05C01,201414140063
OurData,Placenta,201414140063_R06C01,Uncomplicated,6,First,Outlier,NA,Female,EPIC,ourStudy,R06C01,201414140063
OurData,Placenta,201414140060_R01C01,Uncomplicated,6,First,Outlier,NA,Female,EPIC,ourStudy,R01C01,201414140060
OurData,Placenta,201414140063_R07C01,Uncomplicated,7,First,Standard,NA,Female,EPIC,ourStudy,R07C01,201414140063
OurData,Placenta,201414140060_R04C01,Uncomplicated,8,First,Standard,NA,Male,EPIC,ourStudy,R04C01,201414140060
OurData,Placenta,201332340153_R05C01,Uncomplicated,8,First,Standard,NA,Female,EPIC,ourStudy,R05C01,201332340153
OurData,Placenta,201332340172_R03C01,Uncomplicated,9,First,Standard,NA,Male,EPIC,ourStudy,R03C01,201332340172
OurData,Placenta,201414140063_R08C01,Uncomplicated,9,First,Standard,NA,Female,EPIC,ourStudy,R08C01,201414140063
